{
  "candidates": [
    1.0,
    1.2,
    1.5,
    1.8
  ],
  "per_boost": {
    "1.0": {
      "summary": {
        "ndcg_at_10": {
          "mean": 0.2867634904833636,
          "std": 0.39270583320962826,
          "n": 112
        },
        "mrr": {
          "mean": 0.3098385989010989,
          "std": 0.4307741766629986,
          "n": 112
        },
        "p_at_5": {
          "mean": 0.15714285714285714,
          "std": 0.23211538298959888,
          "n": 112
        },
        "recall_at_20": {
          "mean": 0.25606076710987424,
          "std": 0.3955139935568522,
          "n": 112
        }
      },
      "by_class": {
        "factual_lookup": {
          "n": 17,
          "ndcg_at_10": 0.5154495239067954,
          "mrr": 0.5633484162895928,
          "p_at_5": 0.27058823529411763,
          "recall_at_20": 0.42212885154061625
        },
        "comparison": {
          "n": 12,
          "ndcg_at_10": 0.24656384269808324,
          "mrr": 0.2708333333333333,
          "p_at_5": 0.16666666666666669,
          "recall_at_20": 0.13199404761904762
        },
        "reasoning": {
          "n": 12,
          "ndcg_at_10": 0.2659739566958844,
          "mrr": 0.2708333333333333,
          "p_at_5": 0.18333333333333335,
          "recall_at_20": 0.275
        },
        "financial_data": {
          "n": 9,
          "ndcg_at_10": 0.13862358973214733,
          "mrr": 0.14814814814814814,
          "p_at_5": 0.1111111111111111,
          "recall_at_20": 0.05555555555555555
        },
        "relationship": {
          "n": 9,
          "ndcg_at_10": 0.20289311696482798,
          "mrr": 0.2361111111111111,
          "p_at_5": 0.15555555555555556,
          "recall_at_20": 0.11874298540965209
        },
        "signal_intel": {
          "n": 8,
          "ndcg_at_10": 0.45532199404083384,
          "mrr": 0.5,
          "p_at_5": 0.2,
          "recall_at_20": 0.4583333333333333
        },
        "general": {
          "n": 6,
          "ndcg_at_10": 0.0,
          "mrr": 0.0,
          "p_at_5": 0.0,
          "recall_at_20": 0.0
        },
        "portfolio": {
          "n": 7,
          "ndcg_at_10": 0.36870294818156485,
          "mrr": 0.5,
          "p_at_5": 0.2,
          "recall_at_20": 0.28095238095238095
        },
        "identifier_lookup": {
          "n": 12,
          "ndcg_at_10": 0.1826554036155686,
          "mrr": 0.16666666666666666,
          "p_at_5": 0.11666666666666667,
          "recall_at_20": 0.2222222222222222
        },
        "ambiguous": {
          "n": 6,
          "ndcg_at_10": 0.3333333333333333,
          "mrr": 0.3333333333333333,
          "p_at_5": 0.13333333333333333,
          "recall_at_20": 0.3333333333333333
        },
        "non_analyst": {
          "n": 10,
          "ndcg_at_10": 0.24865989139507477,
          "mrr": 0.25,
          "p_at_5": 0.08,
          "recall_at_20": 0.3
        },
        "time_anchored_edge": {
          "n": 4,
          "ndcg_at_10": 0.3072011819464041,
          "mrr": 0.2916666666666667,
          "p_at_5": 0.1,
          "recall_at_20": 0.4375
        }
      }
    },
    "1.2": {
      "summary": {
        "ndcg_at_10": {
          "mean": 0.29504447694141245,
          "std": 0.3931063885320267,
          "n": 112
        },
        "mrr": {
          "mean": 0.3196600274725275,
          "std": 0.43405261504545795,
          "n": 112
        },
        "p_at_5": {
          "mean": 0.16071428571428573,
          "std": 0.2327464680018731,
          "n": 112
        },
        "recall_at_20": {
          "mean": 0.2631292194908266,
          "std": 0.39606718154772774,
          "n": 112
        }
      },
      "by_class": {
        "factual_lookup": {
          "n": 17,
          "ndcg_at_10": 0.5154495239067954,
          "mrr": 0.5633484162895928,
          "p_at_5": 0.27058823529411763,
          "recall_at_20": 0.42212885154061625
        },
        "comparison": {
          "n": 12,
          "ndcg_at_10": 0.24656384269808324,
          "mrr": 0.2708333333333333,
          "p_at_5": 0.16666666666666669,
          "recall_at_20": 0.13199404761904762
        },
        "reasoning": {
          "n": 12,
          "ndcg_at_10": 0.28219877800760257,
          "mrr": 0.2791666666666667,
          "p_at_5": 0.18333333333333335,
          "recall_at_20": 0.33055555555555555
        },
        "financial_data": {
          "n": 9,
          "ndcg_at_10": 0.22004277057224186,
          "mrr": 0.25925925925925924,
          "p_at_5": 0.15555555555555556,
          "recall_at_20": 0.06944444444444445
        },
        "relationship": {
          "n": 9,
          "ndcg_at_10": 0.20289311696482798,
          "mrr": 0.2361111111111111,
          "p_at_5": 0.15555555555555556,
          "recall_at_20": 0.11874298540965209
        },
        "signal_intel": {
          "n": 8,
          "ndcg_at_10": 0.45532199404083384,
          "mrr": 0.5,
          "p_at_5": 0.2,
          "recall_at_20": 0.4583333333333333
        },
        "general": {
          "n": 6,
          "ndcg_at_10": 0.0,
          "mrr": 0.0,
          "p_at_5": 0.0,
          "recall_at_20": 0.0
        },
        "portfolio": {
          "n": 7,
          "ndcg_at_10": 0.36870294818156485,
          "mrr": 0.5,
          "p_at_5": 0.2,
          "recall_at_20": 0.28095238095238095
        },
        "identifier_lookup": {
          "n": 12,
          "ndcg_at_10": 0.1826554036155686,
          "mrr": 0.16666666666666666,
          "p_at_5": 0.11666666666666667,
          "recall_at_20": 0.2222222222222222
        },
        "ambiguous": {
          "n": 6,
          "ndcg_at_10": 0.3333333333333333,
          "mrr": 0.3333333333333333,
          "p_at_5": 0.13333333333333333,
          "recall_at_20": 0.3333333333333333
        },
        "non_analyst": {
          "n": 10,
          "ndcg_at_10": 0.24865989139507477,
          "mrr": 0.25,
          "p_at_5": 0.08,
          "recall_at_20": 0.3
        },
        "time_anchored_edge": {
          "n": 4,
          "ndcg_at_10": 0.3072011819464041,
          "mrr": 0.2916666666666667,
          "p_at_5": 0.1,
          "recall_at_20": 0.4375
        }
      }
    },
    "1.5": {
      "summary": {
        "ndcg_at_10": {
          "mean": 0.2967916393900864,
          "std": 0.3930913698021292,
          "n": 112
        },
        "mrr": {
          "mean": 0.32769574175824173,
          "std": 0.4382225374616634,
          "n": 112
        },
        "p_at_5": {
          "mean": 0.1625,
          "std": 0.23227331499150491,
          "n": 112
        },
        "recall_at_20": {
          "mean": 0.2661054099670171,
          "std": 0.40031790703841313,
          "n": 112
        }
      },
      "by_class": {
        "factual_lookup": {
          "n": 17,
          "ndcg_at_10": 0.5154495239067954,
          "mrr": 0.5633484162895928,
          "p_at_5": 0.27058823529411763,
          "recall_at_20": 0.42212885154061625
        },
        "comparison": {
          "n": 12,
          "ndcg_at_10": 0.24656384269808324,
          "mrr": 0.2708333333333333,
          "p_at_5": 0.16666666666666669,
          "recall_at_20": 0.13199404761904762
        },
        "reasoning": {
          "n": 12,
          "ndcg_at_10": 0.2659739566958844,
          "mrr": 0.2708333333333333,
          "p_at_5": 0.18333333333333335,
          "recall_at_20": 0.275
        },
        "financial_data": {
          "n": 9,
          "ndcg_at_10": 0.22004277057224186,
          "mrr": 0.25925925925925924,
          "p_at_5": 0.15555555555555556,
          "recall_at_20": 0.06944444444444445
        },
        "relationship": {
          "n": 9,
          "ndcg_at_10": 0.20289311696482798,
          "mrr": 0.2361111111111111,
          "p_at_5": 0.15555555555555556,
          "recall_at_20": 0.11874298540965209
        },
        "signal_intel": {
          "n": 8,
          "ndcg_at_10": 0.45532199404083384,
          "mrr": 0.5,